country,1970,1971,1972,1973,1974,1975,1976,1977,1978,1979,1980,1981,1982,1983,1984,1985,1986,1987,1988,1989,1990,1991,1992,1993,1994,1995,1996,1997,1998,1999,2000,2001,2002,2003,2004,2005,2006,2007,2008,2009,2010,2011,2012,2013,2014,2015,2016,2017,2018,2019,2020
Aruba,,,,,,,,,,,,,,,,,,,,,,,,,,,,,,1.01,0.993,0.999,0.989,0.977,0.953,0.963,0.968,0.987,1.01,1,1.01,1.01,1.02,,,,,,,,
Afghanistan,0.167,0.161,0.161,0.169,0.167,0.174,0.181,0.192,0.199,,,0.242,0.484,,0.47,0.476,0.531,,0.5,,,0.537,,0.362,0.432,0.474,,,,,,0,,0.544,0.406,0.548,0.573,0.567,0.586,0.61,0.626,0.663,0.669,0.655,0.654,0.642,0.646,0.642,0.636,,
Angola,,0.64,0.657,,,,,,,,,,0.826,0.788,,,,,,,,,,,,,,,0.819,,,,,,,,,,0.833,0.823,0.778,0.63,,,,,,,,,
Albania,,,,,,,0.923,,0.925,0.929,0.92,0.916,0.927,0.954,0.946,0.936,0.936,0.94,0.955,0.954,0.947,0.95,1.01,1.04,1.01,0.982,0.986,0.97,,0.968,0.976,0.987,,,0.98,0.978,0.985,0.997,1,1.02,1.01,1,0.99,0.982,0.977,0.982,0.994,1,1.02,1.02,
Andorra,,,,,,1.15,,,,,,,,1.03,,,,,,,,,,,,,,,,,,,,,,,,,,,,,,,,,,,,,
United Arab Emirates,,,,0.829,0.926,0.934,0.944,1.01,1.05,1.03,0.992,0.949,0.966,0.958,0.948,0.947,0.964,1,1.03,1.04,1.04,1.04,1.04,1.04,1.02,1.01,,1.03,1.05,,,,,,,,,,,,,,,,,,0.961,0.948,,,
Argentina,1.03,1.02,1.01,1.01,1.01,1.01,1.01,1.02,1.03,1.02,1.02,1.02,1.01,,1.01,1.02,1.01,1.01,1.05,,,,,,,,1.02,1.02,1.01,1.02,1.02,1.02,1.02,1.02,1.03,1.03,1.04,1.05,1.05,1.05,1.04,1.04,1.03,1.03,1.03,1.03,1.02,1.02,,,
Armenia,,,,,,,,,,,,,,,,,,,,,,,,,,,,,,,1.07,,,,,,,1.01,0.996,0.99,0.995,1.01,,1.03,1.04,1.04,,,1.02,1.03,
Antigua and Barbuda,,,,,1.17,1.04,,1.04,0.84,,,,,,,,,,,,,,0.98,,,,,,,,,,,,,,,0.984,0.965,0.99,0.972,0.964,1.04,,0.974,0.99,,0.979,0.979,,
Australia,,,,,,,,,,,,,,,,,,,,,,,,1,0.996,0.996,0.998,1.02,,,,,,,,,,,,,,,,,,0.925,0.925,0.938,0.969,,
Austria,,0.936,,,,,0.925,,,,,0.925,0.935,0.93,0.93,0.946,0.932,0.926,0.932,0.944,0.941,0.947,0.947,0.951,0.955,0.956,0.961,0.966,0.961,0.967,0.97,0.97,0.964,0.963,0.963,0.966,0.97,0.969,0.966,0.965,0.969,0.97,0.972,0.973,0.972,0.973,0.972,0.972,0.974,,
Azerbaijan,,,,,,,,,,,,,,,,,,,,,,0.997,0.984,0.961,0.939,1.06,1.06,1.03,,,,,,,,,,,,,,,,,,,,,1,1.01,
Burundi,,0.47,0.483,0.541,0.566,0.575,0.594,0.61,0.605,0.618,0.62,0.621,0.608,0.617,0.637,0.661,0.683,0.714,0.757,0.773,0.782,0.811,0.794,0.797,,,,,,,,,,0.797,0.818,0.838,0.884,0.898,,0.926,0.939,0.954,0.964,0.972,0.993,1,1.01,1.02,1.03,1.04,
Belgium,,0.984,0.982,0.997,0.991,0.995,0.996,1,1.01,1.01,1.01,1.02,1.01,1.02,1.02,1.02,1.01,1.01,1.01,1.01,1.02,1.02,1.02,1.04,1.04,1.05,1.04,,,1.04,1.06,1.06,1.07,1.06,1.06,1.07,1.07,1.08,1.09,1.09,1.08,1.08,1.08,1.08,1.08,1.08,1.07,1.07,1.07,,
Benin,,0.446,,0.455,0.446,0.445,,0.44,,,,,,,,0.479,0.482,0.487,,,,,,,,,,,,0.615,0.633,0.646,0.661,0.673,0.695,,,,,,,0.81,,0.835,0.848,0.859,0.877,,,,
Burkina Faso,,0.568,0.579,0.586,0.59,0.596,0.59,0.577,,0.587,0.601,0.589,0.592,0.588,0.588,0.591,0.589,,,,,,,,0.639,,,,,0.684,0.7,0.713,,0.737,0.767,0.782,0.799,0.818,0.84,0.856,0.877,0.893,0.915,0.937,0.948,0.96,0.971,0.982,0.989,1.01,
Bangladesh,,,,0.501,,,0.499,0.527,,0.518,0.531,0.569,,,0.616,0.607,0.628,0.624,0.716,0.726,0.754,,,,,,,,,,,,,,,1.05,1.06,1.06,1.09,1.06,1.09,,,,,,,1.12,1.12,,
Bulgaria,,0.987,0.992,0.994,0.996,1,0.984,0.996,0.986,0.985,0.984,0.993,0.996,0.996,0.997,0.996,0.996,0.993,0.994,0.99,0.992,0.994,0.996,0.993,0.998,0.995,0.988,0.99,0.981,0.979,0.977,0.977,0.978,0.978,0.969,0.968,0.969,0.969,0.977,0.977,0.97,0.966,0.97,0.967,0.975,0.975,0.976,0.981,0.977,,
Bahrain,,0.73,0.771,0.789,0.806,0.816,0.828,0.838,0.844,0.842,0.849,0.853,0.862,0.909,0.938,0.967,0.989,0.995,0.999,1.01,1.03,1.02,1.04,1.04,1.04,1.02,1.02,1.03,1.02,1.02,1.03,1.05,1.07,1.07,1.07,1.07,1.07,,,,,0.999,1.01,1.01,1.01,1,1.01,1.01,1.02,1.04,
Bahamas,,,,,,,,,,,,,1.09,1.08,,1.08,1.07,,,,,,1.02,1.02,,1,,1.11,,0.975,,,1.02,,0.982,0.98,0.981,0.991,0.986,1,1.01,1,1.01,1.01,1,0.989,1.01,,1.03,,
Belarus,,,,,,,,,,,,,,,,,,,,,,,,,,,,,1.01,,,,,,,,,,0.977,0.976,0.977,0.977,0.977,0.984,0.989,0.991,0.991,0.989,0.991,,
Belize,,,,,,,,,,,,,,,,,0.975,0.972,,,,0.983,,,0.97,0.979,,,,0.995,0.985,0.99,,0.998,1,0.984,0.994,1.01,1,1,1,0.997,0.99,0.99,0.99,0.982,0.978,0.992,0.988,0.989,
Bermuda,,1.07,1.06,1.03,1.03,1.02,1.01,1.02,1.02,0.985,0.98,,,,,,,,,,,,,,,,,,,,,1.04,1.06,1.08,1.11,1.09,1.08,,,,,1.07,1.06,1.07,1.05,1.05,,,,,
Bolivia,,0.765,,,,,,,,,,,,,,,,,,,,,,,,,,,0.965,0.968,0.965,0.968,0.97,0.974,0.977,0.982,0.986,0.99,0.991,0.992,0.995,0.997,0.991,0.986,0.984,0.982,0.982,0.983,0.985,,
Brazil,,,,,,,,,,,,,,,,,,,,,,,,,,,,,,,,,1.01,1.04,1.03,1.03,,1.04,1.04,1.04,,1.03,,,,,,,,,
Barbados,,0.992,1,1.01,0.906,0.967,1.05,1.05,1.03,1.03,1.07,1,1.02,0.985,1.02,0.99,,,,1.03,0.951,,,,,,,,,1.02,1.01,0.995,0.995,0.994,0.992,0.993,1,1.01,1.01,1.01,1.01,1.02,,,1.02,1.01,1.02,1,1,0.999,
Brunei,0.935,0.929,0.936,0.943,0.945,0.95,0.968,0.988,0.995,1,0.989,1,1.01,1.01,1,,,,,,,0.999,1.01,1.02,1,,,,0.985,0.981,0.982,0.977,0.973,0.979,0.973,0.972,0.978,0.983,0.988,0.993,1,0.998,1.01,1.02,1.01,1.01,1.01,1.01,1.02,1.02,
Bhutan,0.0527,0.229,0.207,,0.287,,,0.373,,,,,,0.45,0.463,,,,,,,,,,,,,,0.821,0.838,0.857,0.882,,,,0.96,0.977,0.984,0.999,1.02,1.03,1.03,1.04,1.04,1.04,1.04,1.05,1.05,1.06,,
Botswana,1.09,1.1,1.12,1.15,1.18,1.2,1.2,1.2,1.18,1.18,1.17,1.14,,1.13,1.11,1.1,1.07,1.05,1.04,1.04,1.05,1.06,1.05,1.04,1.03,1.03,,,1.02,1.02,1.02,1.01,1.01,1.01,1,1,1.01,1,1.02,,,,,,,,,,,,
Central African Republic,,0.462,0.462,0.47,,,0.514,0.503,0.5,0.509,0.545,0.535,0.527,,,,0.584,0.577,0.575,0.585,0.597,0.613,0.628,,,,,,,,,0.672,,,,,,,,0.698,,0.706,0.714,,,,0.761,,,,
Canada,,0.99,0.992,0.994,1,0.999,1.01,1.01,1.01,1.01,1.01,1.01,0.999,0.988,0.987,0.989,0.989,0.99,0.992,0.993,1,0.994,0.992,0.99,0.99,0.994,0.994,,0.996,1.01,1.01,,,,,0.984,0.986,0.986,0.986,0.988,0.99,0.992,1,1.01,1.01,1.01,1.01,1.01,1,,
Switzerland,,,,,,,,,0.929,0.937,0.941,0.942,0.944,0.945,0.945,0.947,0.949,0.954,0.958,0.963,0.965,0.97,0.972,0.956,0.961,0.964,0.968,,0.956,0.961,0.967,0.975,0.972,0.97,0.965,0.967,0.967,0.97,0.972,0.975,0.982,0.984,0.983,0.985,,0.979,0.976,0.973,0.97,,
Chile,1.01,1,1,1.01,1.01,1.01,1.02,1.01,1.01,1.01,1.01,1.01,0.99,0.996,0.994,0.997,0.996,,,1,1.01,0.994,0.998,1.01,,,,,1,1,0.996,,0.995,0.993,0.982,0.983,0.987,0.987,0.986,0.989,1,0.999,1,0.99,0.989,0.989,0.989,0.988,0.986,,
China,,,,,,,0.821,0.826,0.83,0.818,0.812,0.795,0.781,0.778,0.782,0.787,0.809,0.827,0.833,0.843,0.849,0.86,0.874,0.881,0.902,0.916,0.929,0.936,,,,0.965,,,,,0.988,0.992,0.997,1,0.989,0.992,0.997,1.01,1.01,1.01,1.01,1.01,1.01,1.02,
Cote d'Ivoire,,0.538,0.545,0.551,0.556,,,,,,,0.623,,0.636,0.646,,,,,,,,,,,,,,,0.69,,,,,,,,,,,,,,,0.808,0.818,0.834,0.851,0.868,0.884,
Cameroon,,0.712,0.732,0.74,0.751,0.753,0.764,0.772,0.775,0.785,0.79,0.79,0.795,0.794,0.798,0.799,0.805,0.811,0.815,0.818,0.822,0.829,0.872,,,0.848,,0.855,0.807,0.827,,0.854,0.801,0.848,0.841,0.826,0.828,0.838,0.843,0.856,,0.861,0.869,,0.877,0.883,0.886,,,,
"Congo, Dem. Rep.",,0.553,0.575,0.591,0.619,0.609,0.613,0.621,0.619,0.622,0.633,0.646,0.655,0.668,0.682,0.603,0.606,0.705,0.679,,,,0.698,0.707,0.673,0.67,,,,,,,,,,,,0.74,0.764,0.774,0.788,0.789,0.801,0.828,0.829,0.889,,,,,
"Congo, Rep.",,0.733,0.753,0.768,0.764,0.778,0.787,0.796,0.819,0.825,0.832,0.853,0.856,,0.861,0.883,0.89,0.869,0.904,0.891,0.88,,0.88,,,,0.872,,,,,,0.883,0.858,0.908,,,,,,,,1,,,,,,,,
Colombia,1.01,1.01,1.02,1.02,1.02,1.02,1.03,1.02,1.03,1.03,1.02,1.02,1.02,1.05,1,1.02,1.02,1.01,1.01,1.01,,1.07,1.1,1.07,,1.05,1.01,,1.03,1.04,1.04,,1.04,,1.04,1.04,1.04,1.05,1.05,1.05,1.04,1.03,1.03,1.03,1.02,1.02,1.02,1.01,1.01,,
Comoros,,0.457,,0.498,,,,,,,,0.68,,,,,0.732,0.766,,,,,,,,,,,,0.845,,,0.829,0.827,0.848,,,,,,,,,0.975,0.98,,,0.993,1.02,,
Cape Verde,,,,,,,,,,,,,,,,,,0.964,0.984,0.993,0.995,,,,0.98,,,,,,,1.01,1,1.01,1.01,1.02,1.05,1.05,1.02,1.04,1.04,1.03,1.04,1.03,1.02,1.01,1.01,1.01,1.01,,
Costa Rica,0.999,1,1.01,1.01,1.01,1.01,1.02,1.02,,1.02,1.02,1.01,1.01,1.01,0.996,0.997,0.992,0.991,0.991,0.988,0.995,1,1,1.01,1.01,1.01,1.01,1.01,1.01,1.01,1,1.01,0.999,,1,1,1.01,1,1.01,1.01,1.01,1.01,1.01,1.02,1.02,1.02,1.03,1.04,1.04,1.04,
Cuba,,,0.957,0.951,0.948,0.945,,,0.961,0.971,0.968,0.975,0.981,0.991,0.983,0.984,0.995,0.998,1.01,1.03,1.05,1.06,1.07,1.05,1.04,1.04,0.994,1.02,,0.995,0.989,0.993,0.972,0.971,0.989,0.994,1,0.993,0.992,0.992,0.99,0.99,0.997,0.992,0.983,0.985,0.991,0.985,0.987,0.988,
Cayman Islands,,,1.21,1.11,1.12,1.12,1.11,1.07,,,1.07,0.982,,,,,,,,,,,,,,,,,,0.918,0.998,0.964,1,,1,0.944,0.96,0.971,1.01,,,1.01,1.01,1.02,,,,,0.988,,
Cyprus,,0.962,0.968,0.974,0.98,0.963,0.975,0.979,0.99,0.999,1.01,1.01,1.02,1.03,1.02,1.02,1.01,1.02,1.01,1.01,1.01,1.01,1.01,1.01,1.01,1,1.01,1.01,,1.01,1.01,1.01,1.01,1.01,1.01,1.01,1.01,1.01,1,1,1.01,1,1.01,1,1,0.996,0.995,0.993,0.983,,
Czech Republic,,1.03,1.03,1.03,1.03,1.03,1.03,1.03,1.03,1.03,,,1.05,1.05,1.03,1.03,1.03,1.1,1.1,0.965,0.942,0.981,1.08,1.05,1.01,1.02,1.02,1.02,1.03,1.02,1.01,1.02,1.01,1.01,1.01,1.01,1.01,1.01,1.01,1.01,1,0.999,1,1,1,1.01,1.01,1.01,1,,
Germany,,,,,,,,,,,,,,,,,,,,,,,0.982,0.969,0.972,0.973,0.974,0.977,0.976,0.979,0.983,0.983,0.982,0.98,0.98,0.98,0.978,0.98,0.978,0.96,0.961,0.96,0.961,0.964,0.965,0.966,0.964,0.958,0.961,,
Djibouti,,0.421,,0.494,0.527,0.544,0.519,,,,,,0.715,0.722,0.718,0.71,0.705,0.715,0.723,0.725,,,0.715,0.777,0.767,0.756,0.747,0.738,,0.719,0.715,0.711,0.718,,0.75,0.756,0.765,0.82,0.855,0.906,,1.01,0.993,0.983,1,1.01,1.01,1.03,1.01,1.02,1
Dominica,,,,1.07,1.13,1.13,1.09,1.14,1.12,1.13,,,,,,,1.07,1.07,,,1.02,,,,,,,,,1.13,1.06,1.05,1.05,1.06,1.04,1.04,1.03,1.02,1.01,1.04,1.03,1.03,,,0.996,0.986,,,,0.992,
Denmark,,,,,,,,,0.991,0.991,0.988,0.996,0.999,0.995,0.995,0.998,1,1,1.01,1.01,1.01,1.01,1.01,1.01,1.01,1.02,1.01,,1.02,1.03,1.02,1.03,1.03,,1.02,1.02,1.02,1.02,1.02,1.01,1.01,1.01,1,1.01,1.02,1.02,1.01,1,1,,
Dominican Republic,,,,,,,,,,,,,,,,,,,,,,,,,,,,,1.04,1.05,1.04,,1.07,,1.03,1.04,,1.03,1.03,0.964,0.972,0.989,0.986,0.988,0.985,0.985,0.99,0.994,0.997,1.01,
Algeria,,0.599,0.624,0.64,0.648,0.658,0.667,0.681,0.691,0.708,0.72,0.729,0.738,,0.757,0.767,0.783,0.79,0.797,0.809,0.817,0.829,0.843,0.854,0.87,0.884,0.895,0.918,,0.949,0.964,0.974,0.98,0.991,0.996,0.999,1,1,0.986,0.979,0.994,0.995,,,,,,,,,
Ecuador,,0.943,0.944,0.947,0.956,0.964,0.962,0.965,0.965,0.983,0.972,0.98,,0.997,1,0.996,1,1,1,,,,,0.999,,,1.01,,1.01,1.01,1.01,1.01,1,1.01,1,1,1.01,1.01,,1.03,1.02,1.02,1.03,1.02,1.02,1.02,1.02,1.02,1.02,,
Egypt,,0.618,0.62,0.621,0.624,0.618,0.63,0.639,0.645,0.657,0.663,0.679,0.692,0.707,0.725,0.744,0.761,0.774,0.764,0.799,0.816,0.823,0.856,0.863,0.851,0.886,0.811,0.877,,0.923,0.933,0.942,,0.951,0.957,,,,,0.976,0.971,0.969,0.985,0.986,0.996,,0.993,0.994,0.997,1,
Eritrea,,,,,,,,,,,,,,,,,,,,,,,,0.823,0.788,0.786,0.796,0.797,,0.788,0.784,0.789,0.754,0.758,0.718,0.728,0.731,0.788,0.782,0.783,0.809,0.814,0.819,0.936,0.836,0.855,,0.875,0.879,,
Spain,,0.929,0.937,0.951,0.949,0.981,0.985,0.991,0.993,0.975,1.02,1.02,0.999,1.03,1.02,1.02,1.04,1.05,1.04,1.04,1.03,1.04,1.05,1.05,1.05,1.05,1.06,1.03,1.04,1.03,1.03,1.03,1.03,1.03,1.03,1.03,1.03,1.03,1.03,1.02,1.01,1,1,1.01,1.01,1,1.01,1.02,1.02,,
Estonia,,,,,,,,,,,,,,,,,,,,,,,1.03,1.02,1.05,1.04,1.04,,1.02,1.02,1.02,1.02,1.02,1.02,1.02,1.01,1.01,1.01,1.01,1.01,0.994,0.991,0.992,0.992,0.994,0.998,1,1.01,1.02,,
Ethiopia,,0.435,0.442,,0.452,,,,,,,,,,0.607,,,,,,,0.695,0.76,0.745,0.675,0.636,0.605,,,0.623,0.657,0.688,0.698,0.7,0.735,0.783,0.814,0.836,0.863,0.892,0.901,0.912,0.923,,,0.921,,,,,
Finland,,,1.02,1.03,1.03,,1.05,1.05,1.05,1.05,1.06,1.06,1.07,1.06,1.09,1.09,1.09,1.09,1.08,1.08,1.09,1.09,1.11,1.09,1.09,1.08,1.09,1.07,1.05,1.05,1.05,1.05,1.06,1.05,1.02,1.02,1.02,1.02,1.02,1.02,1.02,1.02,1.02,1.05,1.06,1.06,1.06,1.06,1.06,,
Fiji,0.929,,0.963,0.954,0.981,0.993,1,1,1.01,,1.01,1.01,,1.01,1,1,1,1.01,,,,0.984,0.998,,,,,,1.03,1.04,1.03,1.03,1.04,1.03,1.02,,1.04,1.04,1.03,1.04,,1.04,1.05,,,,,,,,
France,,1.03,1.03,1.07,1,1.03,,1.04,1.04,1.04,1.05,1.09,1.05,1.05,,1.04,1.04,1.03,1.03,1.03,1.03,1.02,1.02,1.02,0.988,0.984,0.987,0.989,0.991,0.995,0.996,0.998,0.999,1,1,0.998,0.995,0.998,0.998,0.998,1,1,1,1.01,1.01,1,1,1,1,,
"Micronesia, Fed. Sts.",,,0.898,0.946,0.965,,1,0.971,,,,,,,,,,,,,,,,,,,,,,,,,,,1.02,1.02,,,,,,,,,,,,,,,
Gabon,,0.842,0.846,0.854,0.855,,0.875,0.885,0.888,0.895,0.913,0.913,0.913,0.916,0.921,0.928,0.926,0.939,0.941,0.974,,,,,0.978,0.961,0.977,0.969,,0.972,,,,,,,,,,,,,,,,,,,,,
United Kingdom,,1,0.999,1,1,1,1.01,1.01,1.01,1.01,1.02,1.02,1.02,1.02,1.01,1.02,1.02,1.02,1.01,1.02,1.02,1.02,1.02,,,,,,1,1,1.01,1.01,1.01,1.02,1.02,1.02,1.02,1.01,1.01,1,1,1,1,1.02,1.02,1.02,,1.02,1.01,,
Georgia,,,,,,,,,,,,0.824,,,,,0.873,,,,,0.984,0.974,0.972,0.951,0.956,0.998,0.99,,1.02,1.02,1.05,1.05,1.04,1.04,1.04,1.08,,1.02,,,,,1.01,1.01,1.01,1.01,1.01,1.01,1.01,
Ghana,,0.764,,0.769,0.774,0.762,0.753,0.751,0.752,0.757,0.766,0.765,0.765,0.753,0.749,0.741,,0.756,0.766,0.777,0.78,,,,,0.842,,,,0.885,0.896,0.91,0.913,0.916,0.906,0.919,0.939,0.949,0.952,0.95,,0.958,0.963,0.967,0.978,0.982,0.996,0.997,1,1.01,
Gibraltar,,1.02,1.03,1.02,1.03,1.02,1.05,1.15,1.05,1.07,1.08,1.05,1.05,1.03,1.03,1,,,,,,,,,,,,,,0.8,0.988,1.01,,,,,,,1.01,1,,,,,,,0.986,0.99,,0.99,
Guinea,,0.402,,,,,,,,,,0.46,0.453,0.442,0.442,0.426,0.429,0.412,,0.415,0.419,0.429,,0.433,0.449,,0.485,,,0.556,,0.619,0.641,0.671,0.683,0.707,0.727,,0.752,,,0.78,,,0.786,,,,,,
Gambia,,0.406,,0.417,0.431,0.46,0.464,0.459,0.475,0.466,0.479,0.505,,0.541,0.568,0.576,0.585,0.591,,0.578,,,0.654,0.67,0.691,0.704,0.749,,,,,,,,,,,,1.02,1.01,1,,,,,,,,,,
Guinea-Bissau,,0.438,0.625,,,,0.531,,0.461,0.436,0.435,0.443,0.437,0.455,0.465,0.481,,0.523,0.524,0.545,,,,,,,,,,,0.645,,,,,,,,,,,,,,,,,,,,
Equatorial Guinea,,0.694,,,,,,,,,,,,,,,,,,,,,,0.819,0.869,,,,,,0.729,,0.866,,,0.907,,,,,,,,,,,,,,,
Greece,,0.91,0.909,0.908,0.907,0.909,0.917,0.926,0.941,0.949,0.951,0.967,0.975,0.997,1,0.998,0.992,0.984,0.98,0.98,0.986,0.987,0.993,1.01,0.981,1.02,1.02,1.02,1.02,1.02,1.03,1.02,1,0.994,0.98,0.966,0.961,0.956,,,0.97,0.98,0.975,0.973,0.965,0.96,0.965,0.971,0.975,,
Grenada,,0.951,0.995,,,,,1.01,1.01,1.01,1.01,1.07,1.09,1.06,1.03,1.02,0.938,,0.96,,,,,1.04,,,,,,,,,1.02,0.985,1.02,0.997,,0.981,0.93,0.966,0.99,,,0.961,0.981,0.971,0.991,0.987,1,,
Guatemala,0.811,0.826,0.83,0.829,0.843,0.846,0.851,0.854,0.841,0.84,0.843,0.85,0.866,0.857,,,,,,,,,,0.868,,,0.866,,0.875,0.866,0.897,0.905,0.911,,0.924,0.931,0.938,0.947,0.954,0.964,0.966,0.967,0.964,0.96,0.962,0.959,0.96,0.963,0.966,0.972,
Guyana,,0.999,0.989,0.99,0.997,,1.01,,,,,,,,1,1.01,1.02,1.01,,,,,,,,,,,,0.978,,0.981,,,,1.01,,0.978,1,0.988,1,0.996,0.995,,,,,,,,
"Hong Kong, China",,0.915,0.921,0.925,0.929,0.934,0.952,0.953,0.968,0.992,1,1.01,1.03,1.04,1.04,1.03,1.03,1.02,1.02,,,,,,,,1.03,,,,,,,,,,,,,,,,1,0.994,0.994,0.999,1,1,1.01,1.01,
Honduras,0.988,,,,,,,,,,0.999,,1.01,1.01,1.03,,,,,,,1.04,,,,,,,,,,,,,,,1.06,1.07,1.08,,1.07,1.07,1.07,1.06,1.05,1.06,1.05,1.05,,1.05,
Croatia,,,,,,,,,,,,,,,,,,,,,,,,1.03,1.02,1.02,1.02,1.02,1.01,1.01,1.01,1.01,1.01,1.01,,1.02,1.02,1.02,1.03,1.03,1.05,1.03,1.03,1.02,1.02,1.03,1.03,1.03,1.03,,
Hungary,,0.92,0.934,0.956,0.949,0.958,0.963,0.97,0.973,0.979,0.981,0.986,0.997,0.997,0.997,1,1,1.01,1.01,1.01,1,1,1,,1.02,1.02,1.02,1.02,1.01,1,0.999,0.999,0.999,0.996,0.988,0.987,0.988,0.991,0.986,0.99,0.989,0.986,0.986,1,1,1,0.994,0.999,0.995,,
Indonesia,0.806,0.8,0.799,0.787,0.773,0.817,0.837,0.837,0.84,,,0.84,0.859,0.898,0.901,,,,0.908,0.923,0.931,0.939,0.946,0.928,0.935,0.932,0.932,,,0.965,0.97,0.978,0.981,0.983,0.987,0.975,0.983,0.979,0.984,0.983,1.02,1.02,1.01,0.984,0.982,0.986,0.996,0.994,0.993,,
India,,0.579,0.583,0.592,,0.6,0.604,0.608,0.6,,0.611,0.619,0.616,0.64,0.628,,0.658,0.668,0.678,0.675,,,,0.74,0.753,0.754,0.763,0.776,,0.797,0.802,0.81,0.83,0.916,,,,0.943,0.967,0.99,0.989,0.999,1,1.07,1.07,1.07,1.1,1.08,,1.02,
Ireland,,1.03,1.02,1.03,1.03,1.04,1.04,1.04,1.04,1.05,1.05,1.05,1.05,1.05,1.05,1.05,1.05,1.05,1.04,1.04,1.05,1.05,1.04,1.02,1.02,1.03,1.04,1.04,1.02,1.02,1.03,1.03,1.04,1.03,1.03,1.03,1.03,1.02,1.02,1.03,1.02,1.01,1.01,,1.01,1.01,1.01,0.992,1.06,,
Iran,,0.57,0.575,0.582,0.583,0.604,0.626,0.642,,,,,,,,0.772,,,0.789,,0.818,0.841,0.851,0.865,0.876,0.888,,0.913,,0.926,0.933,0.937,0.944,0.945,0.96,0.965,0.968,0.988,0.966,0.956,0.954,0.954,0.952,0.977,0.996,1.01,1.02,1.02,,,
Iraq,,0.426,0.424,0.434,0.449,0.483,0.502,0.548,0.58,0.697,0.737,0.775,0.789,0.793,0.779,0.765,0.759,0.768,0.791,0.774,,,,0.787,,,0.789,,,0.778,0.771,,,0.812,0.791,,,0.814,,,,,,,,,,,,,
Iceland,,0.918,,,,0.927,0.923,0.946,,,,,,0.961,0.957,,0.962,,0.976,0.976,,,,0.991,0.99,0.985,0.99,,1.01,1.02,1.03,1.02,1.02,1.02,1,0.996,1.01,1.03,1.02,1.02,1.01,1,0.998,1.02,1.01,1,1,0.996,0.995,,
Israel,,,,1.04,1.04,1.04,1.05,1.04,1.04,1.05,1.05,,,1.04,1.05,1.05,1.05,1.04,1.05,1.04,1.04,1.04,1.03,1.03,1.02,,,,,0.991,0.995,0.996,0.992,0.988,0.999,1,1,1.01,1.01,1.01,1.01,1.01,1.01,1.01,1.01,1.01,1.01,1.01,1.01,,
Italy,,0.915,0.919,0.924,0.93,0.937,0.941,0.946,0.955,0.962,0.971,0.979,0.986,0.988,0.99,0.991,0.992,0.991,0.993,0.993,1,0.997,0.998,1.01,1.01,0.993,0.996,0.998,0.993,0.994,0.976,0.983,0.971,0.98,0.993,0.991,0.989,0.989,0.989,0.991,0.99,0.987,0.99,0.994,0.995,0.997,1,0.984,0.979,,
Jamaica,,,,1.03,1.03,1.07,1.07,1.05,,1.05,1.07,1.07,,1.05,1.05,1.05,1.06,1.02,1.03,1.05,,1.03,,1.01,,,,,,1.01,1.01,1.01,1.01,1.02,1.02,,,,,,,,,,,1.06,1.01,1.02,0.989,0.997,
Jordan,,0.781,0.807,0.825,0.842,0.859,0.873,0.892,0.908,0.937,0.967,0.981,1,1.02,1.03,1.05,1.04,1.04,1.05,1.03,1.02,1.02,1.04,1.04,1.04,,1.03,,,1.03,1.03,,1.02,1.02,1.02,1.02,1.03,1.03,1.02,,1.01,1,0.996,0.998,1.01,,,1,1,1,
Kazakhstan,,,,,,,,,,,,,,,,,,,,,,,,1.05,,,,1.08,1.04,1.01,1.03,,,,,,0.997,,,,1.01,1.01,1.01,1.01,1.02,1.02,1.02,1.01,1.01,1.01,
Kenya,0.672,0.694,0.713,0.735,0.783,0.812,,,,,0.877,0.889,0.894,0.893,0.905,0.9,0.907,0.909,0.919,,,,,,,,,,,0.962,0.97,0.962,0.945,0.965,0.934,0.952,0.954,0.946,0.954,0.951,,,,,,,,,,,
Kyrgyz Republic,,,,,,,,,,,,0.979,,,,,0.989,,,0.996,1.01,,1.03,,,,,,,1.01,1.01,0.995,0.997,1,1,0.996,0.996,0.997,,1.03,0.995,0.999,0.994,1,1,1,0.995,0.995,0.997,0.994,
Cambodia,,0.669,,,,,,,,,,,,,,,,,,,,,,,,,,,0.789,0.811,0.818,0.836,0.849,0.86,0.876,,0.9,0.904,0.915,,,,,,,,,,,,
Kiribati,,0.936,0.969,0.93,,,,0.938,0.95,0.969,0.949,0.98,0.989,0.99,0.985,0.999,1.01,0.997,1.01,1.01,1.02,1.02,1.02,,,1.06,1.06,,1.03,1.07,1.06,1.09,1.08,1.07,1.1,1.07,1.07,1.09,1.07,,,,,,,,,,,,
St. Kitts and Nevis,,,,,,,,,,,,,,,0.977,0.9,0.817,1.02,1.02,1.01,,,0.998,1.02,,,,,,,1.09,1.14,1.11,1.11,1.1,1.04,,0.979,1,1.01,0.962,0.989,0.987,1.05,0.98,0.993,0.997,,,,
South Korea,,0.878,0.881,0.881,0.882,0.884,0.886,0.89,0.898,0.911,0.934,0.949,0.954,0.957,0.967,0.975,0.981,0.993,0.978,0.98,0.984,0.988,0.992,0.998,0.997,1.01,1.02,1.01,1.01,1.01,1.01,1.01,1.01,1.01,1.01,1.01,1,0.999,0.999,0.998,0.998,0.997,0.997,0.997,0.997,0.996,0.995,0.995,0.996,,
Kuwait,,0.792,0.842,0.839,0.842,0.844,0.86,0.863,0.863,0.879,0.895,0.898,0.92,0.932,0.937,0.936,0.933,0.922,0.925,0.932,0.949,,0.994,1.01,1.02,1.04,1.02,1.02,1.01,1,1.02,1.04,,1.06,1.07,1.07,1.04,1.01,1.02,1.01,1,0.987,1.04,1.03,1.04,1.05,,,,,
Lao,,0.579,0.648,0.682,,,,0.7,0.807,0.771,0.808,0.814,,,,,0.814,,0.789,,0.772,,0.771,0.763,0.763,0.777,0.781,0.786,0.796,0.808,0.809,0.814,0.816,0.821,0.828,0.831,0.839,0.847,0.858,0.87,0.882,0.894,0.905,0.915,0.928,0.937,0.939,0.945,0.948,0.951,
Lebanon,,0.809,,,,,,,,,,,0.969,,,0.935,,,,,,,,,,,,,,,,,,,,,,,,,,,,,,,,,,,
Liberia,0.393,0.404,0.424,,,0.451,0.438,,0.507,0.517,0.5,,,,,,,,,,,,,,,,,,,0.729,0.736,,,,,,,,,,,0.884,,,0.876,0.864,,,,,
Libya,,0.534,0.595,0.663,0.723,0.757,0.782,0.811,0.833,0.844,0.851,0.853,,0.867,,,0.914,,,,,,,,,,,,,,,,1.03,1.02,,1.08,1.06,,,,,,,,,,,,,,
St. Lucia,,,1.16,1.03,,,,1.03,,,,1.1,1.06,1.04,1.04,1.08,1.07,1.06,,,1.03,1.03,1.04,1.07,,,,1.01,,1.03,1.06,1.04,1.06,1.03,0.953,1.03,1.01,1.01,,,,,,,,0.978,0.985,0.996,1.01,0.998,
Liechtenstein,,,,,,,,,,,,,,,,,,,,,,,,,,,,,,,,,,0.924,0.926,0.889,0.935,0.924,0.906,0.921,0.885,0.893,0.913,,0.871,0.85,0.848,0.872,0.898,,
Sri Lanka,,,,,,,0.98,,,,,1.01,1.02,1.02,1.02,1.02,1.02,1.02,1.02,1.02,1.02,1.03,1.03,1.03,1.04,1.03,,,,,,,,,,,,,,,0.997,0.996,1.02,1.02,,,1.01,1.02,1.02,,
Lesotho,1.45,,1.44,1.42,,1.41,1.4,1.42,1.44,1.43,1.41,1.37,1.33,1.31,1.28,1.27,1.25,1.25,1.24,1.23,1.23,1.22,1.2,1.19,1.17,,1.15,1.13,1.13,1.11,1.06,1.04,1.04,1.04,1.03,1.03,1.03,1.04,1.04,1.06,1.05,1.04,1.05,1.05,1.05,1.05,1.04,1.05,,,
Lithuania,,,,,,,,,,,,,,,,,,,,,,,,0.964,,1.02,1.01,1.01,0.998,0.997,0.993,0.991,0.983,0.979,0.991,0.993,0.994,0.996,0.998,0.996,0.984,0.977,0.972,0.967,0.969,0.97,0.969,0.971,0.976,,
Luxembourg,,0.983,0.98,0.988,0.99,0.998,0.994,1,0.992,0.995,1.01,0.872,0.972,0.954,0.954,,0.992,0.999,1.02,,,,,,,,,,,1.03,1.03,1.03,1.03,1.03,1.02,1.03,1.02,1.02,1.02,,1.02,1.03,1.02,1.02,1.01,1.02,1.02,1.01,1,,
Latvia,,,,,,,,,,,,,,,,,,,,,,0.998,1.02,1.02,1.04,1.04,1.04,1.03,1.02,1.02,1.01,1,0.993,0.985,0.986,0.99,0.995,1,0.996,0.992,0.984,0.977,0.981,0.98,0.986,0.99,0.993,0.996,0.997,,
"Macao, China",,0.959,1.09,1.13,1.07,,,,,,,,,,,,,,,,0.98,,0.994,0.996,,,,,,0.999,0.997,1,0.977,0.96,0.937,0.932,0.942,0.946,0.959,0.974,0.973,0.971,0.978,0.98,0.981,0.985,0.991,0.995,0.995,0.988,
Morocco,,0.501,0.516,,0.553,0.558,0.573,0.579,0.591,0.602,0.609,0.618,0.631,0.643,0.645,0.65,0.652,0.656,0.658,0.663,0.692,0.701,0.705,0.715,0.727,0.74,0.751,0.762,0.78,0.808,0.832,0.854,0.868,0.88,0.884,0.887,0.89,0.895,0.898,0.905,0.912,0.914,0.913,,,,,0.93,0.941,0.951,
Moldova,,,,,,,,,,,,,,,,,,,,,1.05,1.05,1.05,1.06,1.06,1.02,,,,0.987,1.01,1.01,1.02,1.02,1.03,1.02,1.03,1.02,1.01,1.01,1.01,1.01,1.01,1.01,1.01,1,0.998,0.995,0.994,0.981,
Madagascar,,0.829,0.836,,0.841,,,,,,,,,,,,,,0.923,0.946,0.955,,,,,,,,,,,,,,,0.957,0.959,0.964,0.964,0.968,,0.971,0.976,,0.99,0.994,0.997,,1.01,1.02,
Maldives,,,,,,,,,,,,,,,,,,,,,,,,,0.99,0.994,0.988,0.995,1,1,1.01,1.01,1.03,1.02,1.03,,,,,,,,,,,,,,1.03,0.992,
Mexico,,0.886,0.873,,0.89,0.873,0.863,0.917,0.918,0.932,0.942,0.951,0.949,0.933,0.937,0.936,0.949,0.953,0.956,0.963,0.962,0.971,0.959,0.962,0.961,0.964,0.962,0.965,0.972,0.982,0.989,0.996,1,1.01,1.01,1,1.01,1.01,1.02,1.02,1.03,1.02,1.02,1.02,1.02,1.03,1.04,1.04,1.05,,
Marshall Islands,,,,,,,,,,,,,,,,,,,,,,,,,,,,,,1.02,,,0.98,1.05,0.993,1.15,1,0.992,1.03,1.01,,,,,,1.02,1.03,,,1.01,
North Macedonia,,,,,,,,,,,,,,,,,,,,,,,,0.986,0.989,0.989,0.982,0.981,0.974,0.975,0.973,0.975,0.981,0.977,0.974,0.972,,0.966,0.963,0.967,0.976,,0.983,0.979,0.978,0.991,,0.983,0.986,,
Mali,,0.522,0.531,0.573,0.545,,0.527,,0.533,0.54,0.537,0.548,0.549,0.551,0.553,,,0.575,0.57,0.59,0.584,0.585,0.573,0.598,0.611,0.647,0.639,0.633,0.666,0.678,0.704,,,0.712,0.734,0.746,0.759,0.778,0.783,0.791,0.807,0.818,,,0.839,0.864,0.838,0.868,0.876,,
Malta,,0.969,0.918,0.941,0.926,0.932,0.932,0.936,0.921,0.913,0.925,0.914,0.925,0.923,0.935,0.951,0.961,0.965,0.969,0.968,0.959,0.956,0.952,0.954,0.942,0.954,1,0.986,0.992,0.967,0.991,0.973,0.986,0.991,0.963,0.968,0.989,0.973,0.979,,0.935,1,1.01,1.02,1.03,1.04,1.03,1,1,,
Myanmar,,0.796,0.817,,,,0.86,0.855,0.865,,,,,,,,0.903,0.899,0.905,0.912,0.92,0.938,0.943,0.942,0.948,,,,,0.967,0.993,0.961,0.965,0.968,0.966,0.987,0.982,,,0.991,1.01,,,,0.988,,1.02,1,1.01,,
Montenegro,,,,,,,,,,,,,,,,,,,,,,,,,,,,,,,,,,1.01,1.02,1.03,1.02,1.02,1.1,1.02,1.02,1.02,1.03,,,1.01,1,1.01,0.989,1.01,
Mongolia,,,,,,1.02,1,,,1.04,1.02,,,1.05,,,,,,,,1.06,,1.15,1.19,1.2,1.18,1.17,1.15,1.12,1.12,1.11,1.1,1.08,1.06,1.06,1.05,,,1.03,1.02,,,,,,,,,,
Mozambique,,,,0.525,,,,0.674,0.677,0.678,,0.708,0.719,0.71,,0.735,0.742,0.747,,,0.728,0.707,0.711,0.7,0.685,0.684,,,,0.725,0.739,0.755,0.774,,0.812,0.822,0.838,0.844,0.854,0.871,0.877,0.888,0.894,0.899,0.905,0.906,,0.918,,,
Mauritania,,,,,,,,,,,,0.493,,,,,,0.617,0.647,0.65,0.668,0.693,0.725,0.76,0.784,0.793,0.805,0.848,0.906,0.925,0.928,0.925,0.945,0.966,0.981,1,0.991,,1.01,1.01,1.01,1.01,1,1.02,1.02,1.02,1.04,1.05,1.05,1.06,
Mauritius,,0.929,0.926,0.934,0.94,0.941,0.939,0.942,0.948,0.954,0.97,0.966,0.96,0.957,0.952,0.962,0.965,0.973,0.992,0.995,1,,,,,,1.02,,1.01,0.993,0.981,0.985,0.999,0.995,0.99,0.987,1.01,1.01,1.01,1.02,1.03,1.03,1.03,1.02,1.02,1.03,1.03,1.05,1.04,1.02,
Malawi,,,0.619,0.612,,0.647,0.66,0.674,0.68,0.689,0.697,0.706,0.722,0.736,0.738,0.746,0.766,0.782,0.798,0.803,0.809,0.82,,0.883,0.913,0.874,0.873,,,0.889,0.909,0.913,0.914,,0.965,0.966,0.978,0.976,0.972,0.979,0.992,0.996,0.992,0.991,0.993,0.997,0.997,1.01,1,0.989,
Malaysia,0.845,,,,,,,,,,0.979,0.988,0.993,0.992,1,1,,1,1.01,1.01,1.02,1.02,1.02,1.03,1.03,1.03,,,1.03,1.02,1.04,1.04,1.04,1.05,1.05,1.04,1.04,1.04,1.04,1.04,1.04,1.04,1.03,1.03,1.04,1.04,1.04,1.03,,,
Namibia,,,,,,,,,,,,,,,,,,,,,1.09,1.04,1.04,1.03,1.02,1.01,1.01,1.02,1.02,1.01,1.01,1.01,1.01,1.01,1.01,1.01,1.02,1.01,,,,,,,,,,,,,
Niger,,0.536,0.532,0.535,0.544,0.543,0.537,0.526,0.515,0.538,0.512,0.511,,,,,,,0.521,0.528,0.528,0.53,0.545,0.563,,,0.598,0.612,0.625,0.64,0.647,0.654,0.657,0.668,0.673,0.689,0.697,0.711,0.745,0.759,0.789,0.794,0.81,0.815,0.826,0.825,0.831,0.838,,,
Nigeria,0.582,0.615,0.633,0.66,,,,0.722,0.753,0.746,0.743,0.752,0.747,0.701,0.676,,0.798,0.813,,0.832,0.782,,,,,,,,,0.823,0.815,0.827,0.812,,0.828,0.84,0.849,0.856,0.873,0.888,0.897,0.908,0.954,0.953,0.957,,0.93,,,,
Nicaragua,1.02,1.02,1.03,1.04,,1.07,,1.04,,1.09,1.09,,1.09,1.1,1.12,1.24,1.21,1.21,1.22,1.2,,,,,,,,,1.08,1.07,1.07,1.07,1.05,,1.04,1.04,1.04,1.04,1.04,,1.04,,,,,,,,,,
Netherlands,,0.94,0.947,0.954,0.957,0.959,0.967,0.968,0.973,0.979,0.982,0.986,0.988,0.99,0.99,0.995,0.982,0.981,0.972,0.974,0.97,0.97,0.97,0.987,0.954,0.963,0.96,0.968,0.971,0.965,0.968,0.973,0.976,0.981,0.98,0.979,0.98,0.981,0.983,0.986,0.991,0.993,0.991,,,1.01,1.01,1.01,1.01,,
Curaçao,,,,,,,,,,,,,,,,,,,,,,,,,,,,,,,,,,,,,,,,,,,,1,,,,,,,
Norway,,1.05,0.994,0.997,1,1.01,1,1,1.01,1.02,1.02,1.03,1.03,1.02,1.03,1.03,1.03,1.03,1.03,1.03,1.02,1.02,1.01,0.988,0.985,0.972,0.972,0.981,1,1.01,1.01,1.01,1.01,1.01,1.01,1.01,1,0.994,0.99,0.99,0.993,0.995,0.994,0.983,0.982,0.985,0.985,0.978,0.978,,
Nepal,,,,,,,,,,,,0.361,0.373,0.384,0.407,0.416,0.424,0.435,0.463,0.519,0.551,0.582,0.612,0.627,0.652,0.67,0.693,,,0.724,0.741,0.773,0.788,0.813,,0.868,0.911,0.946,0.971,0.985,1.03,1.04,1.05,1.05,1.05,1.05,1.06,1.05,,1.05,
Nauru,,0.994,0.923,0.957,,,,,,,,,,,,0.917,,,,,,,,,,,,,,,1.16,0.955,0.933,0.924,0.948,0.957,0.954,0.986,1.02,,,,0.977,,0.938,,0.974,,,1.01,
New Zealand,0.983,0.981,0.986,0.989,0.989,0.993,0.996,0.998,,1,1,1,1,0.999,0.999,1,0.998,0.998,0.999,0.997,0.992,0.997,0.991,0.998,1.01,0.99,1.03,1.02,1.03,1.03,1.03,,1.06,1.06,1.03,1.03,1.02,1.01,1.03,1.02,1.03,1.04,1.04,1.04,1.04,1.04,1.04,1.04,1.04,,
Oman,,0.162,0.15,0.206,0.292,0.346,0.384,0.408,0.43,0.462,0.473,0.503,0.538,0.576,0.632,0.691,0.745,0.78,0.808,0.83,0.848,0.888,0.911,0.94,0.963,0.972,0.957,0.985,0.99,0.989,0.979,0.981,0.968,0.96,,0.976,0.994,0.991,0.981,0.953,,0.986,0.997,1.04,,1.02,0.986,0.999,0.991,0.983,
Pakistan,,0.347,0.358,0.385,0.388,0.396,0.408,0.401,0.446,0.458,0.461,0.468,0.476,0.463,0.463,0.472,0.487,0.488,0.498,0.495,0.497,,,,,,,,,,,,,,,,0.784,0.805,0.811,0.83,0.822,0.817,0.817,0.815,0.83,0.833,0.84,0.846,0.849,0.864,
Panama,0.987,0.99,0.988,0.985,0.997,0.993,0.998,1,1,1.01,1.01,1.01,1.01,1.01,1.01,1.01,1.01,1.01,1.01,1.01,1,,,,,,,,,1.01,1,1.01,1,,1.01,1,1.01,1,1.01,1.01,1,1.01,,1.01,1.02,1.01,1,1.01,,,
Peru,0.851,,,,,,,0.928,0.933,0.926,0.923,0.935,0.923,,,0.945,,,,,,0.968,,,,0.973,,,0.983,0.985,0.982,0.982,0.98,0.983,0.997,0.996,1.01,1.01,1.02,1.01,1.01,1,0.987,0.992,0.995,0.999,0.982,0.968,0.958,0.953,
Philippines,,,,,,,,,,,,1.04,1.02,1.02,1.02,1.02,1.01,0.999,1.01,1.01,0.998,,,,,,,,1.02,1.03,,1.03,1.03,1.02,1.03,1.03,1.03,1.02,1.02,1.02,,,,,1.02,1.01,1.01,1.02,1.03,,
Palau,,,,,,,,,,,,,,,,,,,,,,,,,,,,,,0.953,0.954,,,,0.991,,,,,,,,,0.995,0.986,,,,,,
Papua New Guinea,0.571,,,,0.567,0.59,0.591,0.614,,,,,,,0.774,,0.789,0.79,0.794,0.799,0.812,0.82,0.821,0.836,0.834,0.845,,,0.837,,,,,,,,,,,,,,0.851,,,,0.858,,,,
Poland,,,0.992,0.994,0.99,,,,,,,,,,,,,,,1.01,1.01,1.01,1,0.993,0.994,0.998,0.997,0.99,0.99,0.988,0.986,0.984,0.981,0.976,1,0.994,0.99,0.991,0.993,0.994,0.993,0.995,0.995,0.981,0.98,,,0.984,0.98,,
Puerto Rico,,,,,,,,,,,,,,,,,,,,,,,,,,,,,,,,,,,,,,,,1.03,1.05,1.04,1.06,1.05,1.04,1.04,1.04,,1.04,,
Portugal,,0.925,0.939,0.942,0.949,0.965,0.964,0.965,0.971,0.985,0.886,,,,,,1.01,,0.96,,0.971,1.03,,1.04,1.02,1.02,1.02,,1.02,1.02,1.01,1.02,1.01,1.02,1.02,1.02,1.01,1.01,0.998,1,0.998,0.995,0.985,0.976,0.968,0.967,0.97,0.974,0.986,,
Paraguay,0.93,0.933,0.943,0.94,,0.947,0.947,0.948,0.952,,,,,,,,0.965,0.968,0.97,0.987,0.985,0.991,,0.993,0.992,1,1,1,0.999,0.994,0.993,0.991,0.989,0.99,0.994,0.998,1,1,1,1.01,1,1.01,1.02,,,,,,,,
Palestine,,,,,,,,,,,,,,,,,,,,,,,,,,0.978,0.986,0.999,,1.01,1.03,1.04,1.03,1.03,1.03,1.03,1.04,1.04,1.04,1.04,1.04,1.06,1.05,1.06,1.06,1.06,1.06,1.06,1.06,1.06,
Qatar,,0.885,0.999,1.06,1.11,1.16,1.15,1.1,1.08,1.05,1.04,1.04,0.983,0.968,0.957,0.958,0.951,1.05,1.05,1.06,1.05,1.04,1.04,1.03,0.999,0.983,0.989,,0.98,1.03,1.03,1.06,0.996,0.944,0.904,0.941,1.04,,,,0.997,,,,,,,,,,
Romania,,0.956,0.952,0.955,0.959,,,,,,,,,,,,,,,0.98,0.98,0.997,1,0.998,1.02,1.02,1.01,1,1.01,1.01,1.01,1.01,1.01,1.01,1.01,1.01,1,0.997,0.992,0.994,0.989,0.986,0.987,,,0.995,0.994,0.997,0.998,,
Russia,,,,,,,,,,,,,,,,,,,,,,,,,1.02,,,,,,,,,0.999,,0.993,0.991,0.988,0.985,0.991,,0.992,0.991,0.992,0.989,0.989,0.992,0.983,0.978,,
Rwanda,,0.777,,,,,0.845,0.865,0.881,0.891,0.896,0.899,0.906,0.908,0.909,0.914,0.925,0.936,0.943,0.949,0.956,0.961,0.952,,,,,,,0.956,0.94,0.964,0.977,0.98,0.998,1.01,1.02,1.01,1.01,1.01,1.01,1.03,1.03,1.03,1.04,1.03,1.02,1.02,1.01,1.01,
Saudi Arabia,,,,,,,,,,0.604,,,,,,,,,,,,,,,,,,,,,,,,,,0.964,,,,0.931,,,,,,1,0.956,0.958,0.978,0.96,
Sudan,,,,,,,,,,,,,,,,,,,,,,,,,,,,,,,,0.836,0.876,0.874,0.876,0.892,0.889,0.86,0.877,0.884,0.888,0.893,0.896,0.911,0.918,0.935,0.946,0.962,,,
Senegal,,0.594,0.602,,,,,,0.623,0.632,0.633,0.633,0.635,0.637,0.639,0.646,0.647,,0.663,0.668,0.679,,0.697,,,,0.755,0.772,0.793,0.786,0.821,0.838,0.852,,0.896,0.911,0.927,,0.957,,0.997,1.05,1.05,1.06,1.07,,,,,1.14,
Singapore,,,,,,,,,,,,,,,,,,,,,,,,,,,,,,,,,,,,,,,,,,,,,,,0.996,0.995,0.996,,
Solomon Islands,0.608,0.555,,,,0.632,,,,,,,,,,,0.793,,,,0.821,0.817,0.817,0.819,0.838,,,,,0.883,0.89,,0.901,,,0.917,0.921,0.92,,,0.942,0.958,0.973,,,,,,,,
Sierra Leone,,0.596,0.605,0.58,0.594,0.587,0.598,0.604,0.607,,,,,,0.638,0.639,,,0.646,0.668,0.65,0.668,,,,,,,,,,0.715,,,,,,,,,,0.901,0.957,0.969,,0.979,0.989,1.01,,,
El Salvador,0.919,0.914,0.92,0.916,0.922,0.926,0.937,0.928,0.934,0.94,0.975,,,0.976,0.993,,,,1.01,0.987,,1.01,1,0.995,,,,,0.958,0.948,0.95,0.958,0.951,0.967,0.97,0.973,0.977,1,0.976,0.973,0.966,0.963,0.963,0.97,0.977,0.978,0.976,0.976,0.978,,
San Marino,,0.945,0.946,0.951,0.968,0.996,0.981,0.971,0.934,0.988,1.01,1.05,0.989,0.989,1,1.03,1.04,1.05,1.06,1.04,1.03,1.08,1.06,1.04,1.03,,1.02,1.03,,,1.05,,,,,,,,1.04,1.03,1.07,1.01,0.986,,,,,,1.02,1.03,
Somalia,,0.295,0.298,0.32,0.365,,0.507,0.532,0.559,0.552,0.562,0.541,0.537,0.532,0.549,0.534,0.517,,,,,,,,,,,,,,,,,,,,,0.537,,,,,,,,,,,,,
Serbia,,,,,,,,,,,,,,,,,,,,,,,,,,,,,,1,1.01,1.01,1.02,1.02,1.02,1.02,1.02,1.02,1.02,1.01,1.01,1.02,1.02,1.02,1.02,1.01,1.01,1.01,1.01,1.01,
South Sudan,,,,,,,,,,,,,,,,,,,,,,,,,,,,,,,,,,,,,,,,,,0.647,,,,0.685,,,,,
Sao Tome and Principe,,0.805,0.958,,,,,0.904,,,,,,,,,,,0.95,,,,,,,,,,,,,,,0.991,0.976,0.981,,1.01,0.994,1.03,1,1.01,1.02,1.02,1.01,1.02,1.02,1.04,,,
Suriname,,0.997,1,1.02,1.01,0.96,1.01,0.973,0.991,0.987,,,,,,,1.06,1.08,1.1,1.09,1.16,1.08,1.07,1.03,,,,,,,,1.07,1.14,,,1.12,1.13,1.13,1.12,1.09,1.11,1.13,1.13,1.15,1.15,1.13,,,,,
Slovak Republic,,,,,,,,,,,,,,,,,,,,,,,,1.02,1.02,1.03,1.02,1.02,1.01,1.01,1.01,1.01,1.01,1,1.01,1,1,1,1.01,1.01,1.01,1,1,1.01,1,1,1,1.01,1.01,,
Slovenia,,,,,,,,,,,,,,,,,,,,,,,,1.03,1.03,1.02,1.02,1.02,1.02,1.02,1.03,1.01,0.999,0.992,0.997,0.993,0.996,0.994,0.996,0.999,0.996,0.997,1,1.01,1.01,1.01,1.02,1.01,1.01,,
Sweden,,1,0.994,1.01,1.01,1.01,1.04,1.04,1.04,1.04,1.05,1.05,1.06,1.06,1.06,1.07,,1.02,1.01,1.02,1.02,1.02,1.02,1.08,1.08,1.09,1.1,1.11,1.15,1.15,1.15,1.15,1.12,1.11,1.01,0.996,0.996,0.995,0.994,0.993,0.992,0.993,0.992,1.1,1.1,1.09,1.07,1.04,1.04,,
Eswatini,0.9,0.901,0.893,0.9,0.917,0.93,0.939,0.952,,,,,,,,,,,,,,,,,,,,,0.97,0.969,0.959,0.959,0.939,0.945,0.923,0.929,0.919,0.887,,0.91,0.912,0.896,0.914,0.922,0.932,0.935,0.942,,,,
Sint Maarten (Dutch part),,,,,,,,,,,,,,,,,,,,,,,,,,,,,,,,,,,,,,,,,,,1.02,,0.979,,,,,,
Seychelles,1.11,1.11,1.1,1.13,1.13,1.18,1.12,,1.12,1.09,1.08,1.07,1.08,1.05,,1.03,1,0.992,0.994,0.988,,0.997,0.999,1.01,1.02,1.01,1.02,,1.01,1.05,1.06,1.04,1.03,1.03,1.05,1.02,1.03,1.06,1.08,1.07,1.05,1.06,1.02,1.06,1.03,1.05,1.07,1.08,1.06,1.05,
Syria,,0.513,0.536,0.559,0.579,0.593,0.607,0.626,0.642,0.661,0.698,0.719,0.741,0.757,0.776,0.796,0.815,0.828,0.837,0.841,0.85,0.855,0.866,0.881,0.885,0.891,0.902,0.91,0.918,0.918,0.923,0.925,0.931,0.947,0.955,0.964,0.972,0.983,0.987,0.989,0.986,0.984,0.984,0.982,,,,,,,
Turks and Caicos Islands,,,,,,,,,1,,,,,,,,,,,,,,,,1.07,,,,,1.01,1.01,,,0.991,1.04,1.02,,,,1.04,,,,,1.03,1.04,,,1.01,,
Chad,,0.31,0.309,,0.318,,,,,,,,,,,0.348,,0.368,,0.396,0.415,,,,0.446,0.447,0.456,0.486,0.509,0.537,0.562,0.581,0.594,0.601,0.599,0.613,0.616,0.644,0.639,0.638,0.659,0.678,0.693,0.695,0.694,0.699,0.699,0.702,0.727,0.728,
Togo,,0.431,0.447,0.455,0.467,0.474,0.491,0.501,0.519,0.537,0.547,,0.569,0.575,0.569,0.561,0.552,0.554,0.559,0.566,0.579,0.587,0.593,,0.595,0.609,0.617,0.633,,0.67,0.691,0.701,0.714,0.722,0.735,0.744,0.756,0.755,,,,,,,,,,0.875,,,
Thailand,,0.872,,0.88,0.881,0.889,0.897,0.907,0.915,,,,,,,,,,,,,0.972,0.974,0.975,,,,,,,,0.977,0.985,,1.01,1,1.02,1.02,1.02,1.03,1.03,1.03,1.03,1.04,1.04,0.954,1,0.978,0.989,0.983,
Tajikistan,,,,,,,,,,,,,,,,,,,,,,,,,,,,,,0.897,0.888,0.871,0.876,0.881,0.887,0.887,0.883,0.892,0.912,0.921,0.912,0.916,0.93,0.932,,,,,,,
Turkmenistan,,,,,,,,,,,,,,,,,,,,,,,,,,,,,,,,,,,,,,,,,,,,,,,,,,0.982,
Timor-Leste,,,,,,,,,,,,,,,,,,,,,,,,,,,,,,,,,,,0.925,0.928,,,0.946,0.946,0.959,0.965,0.969,0.98,1,1,1,1.01,1.01,1.03,
Tonga,0.986,0.985,0.977,0.982,0.991,0.993,,,0.998,,,0.96,0.968,,1.02,1.04,1.01,,,,0.988,1.01,,0.995,,,,,1.05,1.04,1.02,1.02,1.02,,,,0.981,0.844,0.991,1.11,1.02,0.974,1.01,1.01,1.03,1.01,,,,,
Trinidad and Tobago,,1,0.995,1,,,,1,,,,,1.01,1.03,1.02,1.02,,1.01,1.01,1.02,1.03,1.01,1.01,1.01,,,,,,,,,,,1.01,,,,,,,,,,,,,,,,
Tunisia,,0.605,0.602,0.606,0.607,0.617,0.639,0.65,0.662,0.68,0.689,0.707,0.728,0.742,0.762,0.78,0.793,0.804,0.813,0.829,0.844,0.86,0.877,0.892,0.91,0.922,0.936,0.947,,0.975,0.995,1,1,1.02,,1.04,1.05,,1.05,1.05,1.05,1.04,,,,,1.07,,,,
Turkey,,0.637,0.65,0.668,0.686,,0.704,0.706,0.707,0.716,,,0.75,,0.772,,0.775,0.774,0.777,0.776,0.782,0.785,0.79,0.792,0.802,0.796,,0.805,,0.797,0.819,0.819,0.82,0.822,0.853,0.89,0.898,0.907,0.927,0.944,0.948,0.95,0.965,0.977,0.981,0.98,0.982,0.964,0.98,,
Tuvalu,,,,,,,,,,,,,,,,,,,,,1.02,,,,,,,,0.923,,,1.03,,,,,,,,,,,,,1.05,1.07,1.04,,1.01,1.02,
Tanzania,0.645,0.645,0.648,0.664,0.684,0.72,0.76,0.794,0.84,0.868,,0.914,0.937,0.966,,0.994,1,0.994,0.991,0.985,,0.977,0.968,0.97,0.977,0.98,0.984,0.986,,,,,,,,,,,,,0.979,,,,1.03,1.04,1.04,1.03,1.03,1.03,
Uganda,,,,,,0.651,0.678,0.686,0.692,0.71,,0.726,0.724,,,,0.8,,,,0.776,,0.76,,0.889,,,0.852,,,,,,,0.953,,,0.961,,,,,,,,,,,,,
Ukraine,,,,,,,,,,,,,,,,,,,,,,,,1.04,1.04,,,,,1.03,1.01,0.996,1.01,1,0.992,0.948,0.989,0.997,0.988,0.986,0.986,0.985,0.992,0.988,0.996,,,,,,
Uruguay,1.02,1.05,1.04,1.06,,,,,1.08,1.03,,,,,,,,,,,,,,,1.07,1.07,,,1.12,1.06,1.05,1.05,1.04,1.06,1.06,1.05,1.06,0.979,1.04,1.04,1.06,,,,,,,1.05,1.05,,
United States,,,,,,,,,,,,1.04,1.03,1.02,1.02,1.02,1.02,1.01,,,0.998,0.998,,0.989,0.991,1,0.994,,1.03,,0.999,1.01,1,1,1.01,1,1,1,1,1.01,1,1,0.995,0.997,1,1.01,0.996,0.994,0.995,,
Uzbekistan,,,,,,,,,,,,,,,,,,,,,,,,,,,,,,0.992,0.983,,,0.981,0.975,0.98,0.984,0.99,0.994,0.999,0.995,0.989,0.99,0.988,0.987,0.987,0.987,0.987,0.989,0.992,
St. Vincent and the Grenadines,,0.99,1.02,,1.03,1.06,1.04,,,,,,1.08,,1.04,,1.06,1.06,,,,1.07,,,,,,,,,1.06,1.02,1.01,1.01,0.999,1.01,,1.02,1.01,0.995,0.992,0.977,0.986,0.974,0.993,0.997,1,0.991,1.01,,
Venezuela,,1.03,1.03,1.04,1.04,1.04,,,,,,,,,1.06,1.06,1.06,1.06,1.06,1.06,,1.05,1.05,1.05,,,,,,1.05,1.05,1.04,1.04,1.04,1.03,1.03,1.03,1.03,1.02,1.02,1.02,1.02,1.02,1.03,1.02,1.02,1.02,1.02,,,
British Virgin Islands,,0.988,1.08,1.08,1.09,1.11,1.12,,,1.11,,1.13,,,1.09,1.05,,,,,0.988,1,1.04,,1.03,,,,,0.962,1.03,1.02,0.978,0.997,0.98,1.02,1.01,1.03,,1.02,,0.972,0.986,0.999,1.01,0.988,1,1.01,1.03,,
Vietnam,,,,,,,1.02,1.01,,,,,,,,,,,,,,,,,,,,,0.94,,,,,,,,,,,,,,,,,,,,,,
Vanuatu,0.858,0.913,0.917,0.908,0.892,0.907,0.895,0.891,0.899,,0.927,0.919,,,,,,,,,,0.931,,,,,,,,0.953,1.01,0.966,0.978,0.952,0.948,,,,,,0.984,,,,,0.988,,,,,
Samoa,1.03,,,,,1.12,1.03,1.05,1.03,1.04,1.02,,,,,,,,,,,,,,1.11,1.07,1.05,1.07,1.09,1.05,1.07,1.07,1.06,1.06,1.06,1.06,1.07,1.07,,1.05,1.05,1.06,1.05,,1.06,1.05,1.05,,,,
Yemen,,,,,,,,,,,,,,,,,,,,,,,,,,,,,,0.491,,0.547,,0.6,0.621,0.652,,,0.722,,0.749,0.753,0.768,0.788,,,0.821,,,,
South Africa,,,,,,,,,,,,,,,,,,,,1.04,1.05,1.05,,,1.03,,,,1.04,1.03,1.01,1.02,1.01,1.01,1.01,1.01,1,1,1,1,1,0.998,0.998,,1.02,0.955,1.02,1.01,1,,
Zambia,0.778,,0.791,,0.803,,,,,0.847,0.852,0.863,0.863,,,,0.876,,0.881,,,,,,,,,,,,,,,,,,,,,,,,,,,,,,,,
Zimbabwe,0.808,0.815,0.812,0.817,0.827,0.839,0.847,0.863,0.869,0.872,,0.911,0.905,0.9,0.896,0.896,0.901,0.913,0.918,0.928,0.971,0.928,0.945,,,0.947,0.949,,,0.949,0.946,0.944,0.942,0.948,,,,,,,,,0.967,0.97,,,,,,,
